EX퍼니처 카본체어 TYPE-2 책상의자,"297,000원",https://adcr.naver.com/adcr?x=pCZ09SJiQLlOJbAS+aObl////w==kp692NFr13ISoixvMZ9EGGSC0vgf0Ws1lT/AhVfVSyXbm9iWlDKXeqXjjbdONNgLtXr+GLydfUF3UP89NjDNcmUdD+p/y0WXC8In+ysw6LAm+1pZapJyOxMk0JTWdOGyWlDcjjLCMXR9q6M1uL4Edy4mfGxrq/bBS4wOuYn5sr9CKhCgNoncyic4PEkrOOHQ5s3qyfVDOXr6sRZviPLgnyoDnB35eC0vdPvjS/8YiVyEoHM3TEW5GXMtmPxclLZ3ygWnYYXSjUZtl1tw2bSP0CxB29pB3CTyoS6Ak2Ofl4Mq2SiuMxgBhOuprtNJZEtsIO8vRRq0sYAhHWsYC0QllcYswoJWlTLTD7HYlDv7L135K2ne5dLpo3qAo0GaUihwbGg1Z8WLSm47BRIbcCk0WdCRIR2a/+BOHntcTQCLF5u5YGmkjq4fE0W8OnvICtGJx4cF26kBmRV+gwZRJ7Pt1kHCi/45JzIXxMBQPqk0hn8VaO+HkJ//p14zY97DlF/Yuey5RoVQK+OTyfEQWVDP7SF8sZwRcm/kuta8Zw7bokUsu/L2yh7CLh6nLlB5lcUjbm5HThCR41H3FESupVw41jTCfnORQya9vnX+UxpSqKtUFegL8kwp7nscvtK5phjhjcstC6AUY4JuqfS5z5itQ/ocwpofk6jGOpvmwen70NDzGMDhOSXaoHD1Lc1TrV3NDAwKEmGR1+feXYBM0uBMt1UQ5oLdV5NZQ5B5llH+fnan6B7BLPSxxsF8tCi8poNGN88x+cz2mGrHIF3ehqEyMokot2+1x3j/M4WB4IPc7dZKkN4lbpBy3T+sO8j3c0e8SxrX0HFWMahk4y0k+FnGi6zdyp+96i8eA1p2Y2484U/qi86MQAcljkjhh/tG3r9m6
[공식몰] 커블체어 신제품 그랜드,"49,800원",https://adcr.naver.com/adcr?x=UEPBREGckm0dvqIxPuZ0qf///w==kTic+RTsGHWR55Ijgs6IIzWUyZsPNCJBycLfvneSz5bCFC/hTYwnI9nQgRGJz5Gz/5oDEt6ypqTpmijxQqnZnMNoKc7ebOtFS6D8AR3iJU5Nf+JlzvQa68uA9sq+xlGqbWvG0OzThPtGsbygDpl1ecGtMIKunWdQsmdV9jv5hO+Fv09rNIeGjWaMYagnkBTczFXXuWJv8OHjt8yccrALq5dvgSw/HuybaKsy5ahwwWYY9y05unKYF6XXhp7rNjMcWOoqiy4G7huOfs224W/VA93zKz8l0HloaU+iIKVg0mT2N2NrANNhnjlMHN0cCIRW/+D6Y079qCdphY5wARdl3eofvDOD1tXYigO+fRux2J4ZhzXQqnetGns+be9NvoyORqKnMEd3TFw82YQo6Xi4Z+mgFj5keGzIGeIm4xtDfc+wIp3U21BZzICE14Nh0BQ36Ejc2dxD+gHl4d2Zbv7P2l6PJY77e0JkhCvlY7S1vVfw/32ZjNf3TYO+YhebJXVlaldUKV1BykJfruXOXTTFtmb34wq5Mn23lFTv6hlLkUfYnpqTGmCS5rAT24WrWLG53wBUh1nGwU/RgOam5j3gDmFuPP9rybOAV07qnppfeVoxN8q32+quLJyw3g6eRdiKY8v7zJ6STpW9yG7eFIzwpYejDb2xr/qYAoWvHFAtO643jI7znGFFNikxaDiSF7qxynyPMfaPTujsEWpblypVv40XUmgKBzLnrVXWcOeWVrC6KVcCDu5h/92hNnAlUHwH6sg/MVMGpDc3ctwmrBfzw6APEowyAflwmY4PuDGj2aKE9pWIuwJNuSC8O1/4Or5fjSrGqEPRUpJgJEmg/rCEDoeEIC+bwp7SBPbxG/qwraKvt+pHAO3JJs0H0dSuQapazdKZHuKotoq7gkbprF/Pdw/CXoywREfpkwtPutukpaXo=
EX퍼니처 카본체어 TYPE-2 UP 책상의자,"330,000원",https://adcr.naver.com/adcr?x=qE0Yzp5V4ehcBCRTXmFYc////w==kdx9Vlu1M2dOAZN5y8Hd+7Lw/UA8M+yFuPjBoJ37Yjzj2Ls61/1dmJ2Kyf8m3ldzfkT5vtfGEqQn2XkzSB5xrDAZ5Fcjmv0iY1oq8Uu2JvQPfClUcvIIU5llyl7KKXU15h8fjYBYhccGXI3IeHDkDOYFd3fjv9hm+jFzLHWfMn9G5c272l/cc3ajG0yQD8GC001w1t+bLa9oopVjY2hgNYhrmxxh0PArngjgA5NC16pjQsldt8EuxsrLGUZs0gGj5oRKULLiTcKSHwRdrOeAd17GA+eSMRBZCnvLHKAx71V/8JujfruH81kJpKwGZw/SxHGLB5rN7PE91xJfmwsev+Ol2AC/aJqrAeYKMIsEby3nUlg7PJT8hvS2LFMaurbiiHyiynd+B2hTnvEz9w9QTBURZ8OpXmXwfMB/yxONYOnJHU7fcC/elqWPqDTBhT1quzq7mJHdOj8C48wOATTdp01AljeAjLz6V/LxHTPtpx2ng64RKSFj6uzn/NYMoh9+jA4BXikF28Utvi4e+X3aWAWVjUEdbZYbHZiH/QKHDtyMnOlKSWgW/4uagyUVI5+8rjiI8DH/3KI2QaKyDQJbTGE34lKnu2ttJirvmBHeK6q8d5/NsA8m4lNBFxZkh2fbiK2lfvE38Aeq1OObcFV+DwfUtL9RDPDYFHp0DpezlIrnXSqZSNX/nduQPJO3/2i5sueKc3YjIdBSBrPnz6Svg+F7Xd9wkUbAtyn6zpSFTP8LiLjqsRGBXo11pWgEOk87+IqVJw7zwZlSPZ2j6A4925W59Irrm68KgQACWduvq+MGe2gBJv8uGkm3oVzyuzvTahx//kPCpsUP8NM+FJtXQQKdNjZ81SdqucNF819iqh9s=
에이픽스 게이밍의자 GC001,"129,000원",https://cr.shopping.naver.com/adcr.nhn?x=0dnxy%2FJtUalVFBwrX4s2qf%2F%2F%2Fw%3D%3DsSt9EffeO5LGyivTxLR9t9ReuvHYn29Xqw%2Fz2p0qwgm%2BbJW9LiPPzgc00MEwHrY4AhtvWc7H0fyqouBhts2%2BInBk4KYyh%2B77ool8y5REUf1z%2B0cFIi%2BeTPlkl9U%2Fwj69jZ51b4zIIhzI2xYZuL9f9QD9rXyqENDUD8omnd%2BAEOivtC9uw23tdUN6fpa6aLZI5B6RM%2FUmEMeW%2BO3G8SPrkApwFZFRSvOkkqVTZoYO2UFlDq2Y%2Bjx8UOhmztnvNnVD8VhF3l8Emrmz7tKlGsUHzz2vqR2unsG9Pw6XBns%2FftjJmn%2B6FVZ%2Fm0w7K7lHYQAO7c4h3t0P93hvHlo%2FaQiQsRjokh7KNEkkbwBBKOUFOEEp%2BwXhrcBYFOOBewUt86%2BGsUPPtwKrwoLNAHCouEFxEuiI28QDIftdPo5sZ73mZF1TPgZS2UXNuxAxNW0mMxJ9H3Tu3Kvj%2BfJVKH7QiLJLZobGA%2F8YSHyjlzh%2FBNRroNXsA8%2FufOgZc%2BL9GQOnqXWuP71tqtWQablf%2F77SlIExh55K%2BIwiC%2FMdnaO%2B9zQMKbiaAfw8UsoO6REKxJpLcgQVwb1NmOoRBMBsXNQGXzjfbC%2BFUQB%2FrDAzm2q1KHRsHkfE%3D&nvMid=15244650718&catId=50003683
린백 LB13HW 메쉬 의자,"59,890원",https://cr.shopping.naver.com/adcr.nhn?x=7%2BvpsqpnWrkLtzNSabTCMf%2F%2F%2Fw%3D%3DspfQy0iXTai3KPRTtCFXAYXwRQL%2F8x4kHcfAVyC9Qj8y9G3UrDzVEcLLI5LcJjcrKFfIHjV9OAzAhyYz3jor9zvaQ2e90V1wqsr6lTFHR8k%2FA4RKAiLbcaIaEdvkq60TDSWzUz3G5xfGQ8%2B3tBOZJEWvqR2unsG9Pw6XBns%2FftjI2%2FcIuGLZZitQbDZrRrm6Lm74AIHHXCSzTjNfIl5nY2xugsfSBLHu8CHI276kjUGvagbfjXwDXnyZnQNUCO9HdZXOj9WGo5ybPz0ODFj%2FgO8HPv45Edr5fvvv%2FlTzZa4VcdT6s2RN2Tk6%2FCn7oaYKkKGOUu52Gcd5hmgP4TzBiG0qNGnYP2mQGFwl2o9AJeRMPv9ATHT7fByY%2FAT0MjTXKK75NFPwWyXBGVijtXLV9LwtK%2FlJjOKzlJV2IEBfprxG593cacD1M4nOSWyVUW2QCY621VaiKM9fFdK9kgoRse0QwAY7sZS1tbgumaOU5grpxlgxp1LBJExNYnOS%2FudH%2FYnHIcETcJifOE8sb44IMxYU6qbgwFzoWhmPVPPQfRGsf6QVonH790gDA8pPGyngtzY6of2Xpggjm6A4Z8HgJhg%3D%3D&nvMid=21738600339&catId=50003299
폴인퍼니 베네치아 4인용 세라믹 식탁세트 1400 + 세븐체어 4,"282,800원",https://cr.shopping.naver.com/adcr.nhn?x=xqZS80oyqzAMf5zPQa1QZv%2F%2F%2Fw%3D%3DsKXaowc%2FP%2BBtcQQezBNocQGJrpNP3jlDQmHuGNg%2BvfWybJW9LiPPzgc00MEwHrY4AGuX%2BVOn4w6VT3PaLBeHE7hk4KYyh%2B77ool8y5REUf1z%2B0cFIi%2BeTPlkl9U%2Fwj69jZ51b4zIIhzI2xYZuL9f9QD9rXyqENDUD8omnd%2BAEOis8KNp%2BJmg3hobpZOxLfEVszNbxD9Et8n%2FsuIqIjOM4xZwFZFRSvOkkqVTZoYO2UFlDq2Y%2Bjx8UOhmztnvNnVD8VhF3l8Emrmz7tKlGsUHzz2vqR2unsG9Pw6XBns%2FftjJmn%2B6FVZ%2Fm0w7K7lHYQAO7KGq36BNX%2Fy0b%2FhqV%2BSo3bDokh7KNEkkbwBBKOUFOEEovdIbRSvSN%2FcLkiIhYDxlutW6GtBKOef2gkIOMapXvzCI28QDIftdPo5sZ73mZF1RbGwGXeSohP%2BMIIcbyY0nZENGDySDDcDajACUR%2FjZyY5rMZYsdjUNDz8X6bU6KE8U%2F%2FxIifWBjiMRUOVx%2BHkEmupQQ2qPt5Vj3lmHLebcSbp00SowjgKY45BBrLJy54UrHbJ%2F8OqSKHnVaUjGc7VPUiA3%2FU2AzguC84AnoS7Lq%2BWuScSPLQkMSwAp3rCLzIvzZeuguIYAO4knzKdeCvw185Hv1T%2FoDPeAT2ZD%2BWCfnsQ%3D%3D&nvMid=28671630554&catId=50003255
일공일 디자인 미라클 4인용 세라믹 식탁 세트 의자2개+벤치1개,"399,000원",https://cr.shopping.naver.com/adcr.nhn?x=%2FTp3LwnZp1BqhJHSeODbDv%2F%2F%2Fw%3D%3DsXtTbhH0ySrKD0m3YVikEGzDNGocXSjAihD15RIC8%2B7rGnftt2lkd9bh0uZfPjFJ3upkxwotB%2BsymIago%2FpE73P0rvZqiA0S%2Bbl7VP%2BDwdc%2FTChVOLzEZsMvBYgUYoYhvIwaX5oqTTTn7cu2Dxtg3n4BsJjzV%2F3vl5Lmd9HbkUGLHBGBenYoxSJoK1h82I4%2B5tKVqwTnCGQ8Ewf8MH7FRE%2F2PhUH7V52sLeMOVz06o%2F%2B4siAw1NCq%2FSif25Yyi7SMWDuAJuqZbGlx0juudI9chT9rXyqENDUD8omnd%2BAEOivf3Vb8LXDlJWzaxi1N0VJ6AkRqHtONwolkrzq72llRJGovNxFWzA781dOsDXmXgY3qLDuV673LOVAxb68oYa5vf99pBi%2BC2BJ30WbuhUZ9v5w9%2FDMX2S1ZzF2txO07wpQwwccDYNTqTvuT1VQzZutfav9kNbdQ%2BwgPThpbixeBKFucxEA7sOF%2FH9xCKX6lga9pB7oZaIZeLCARWMAwFQ48Qke19YcHDXRyQzAwOQD0ZR53KzfBAPbC%2BkEYgQUQtzNPsEVWRv7R8mAmgt50xfkGBlXaeO7myhvc0hns4Q8zTaFhn%2BEj%2BQ3ziN7qT%2F5t%2FJfArki%2B%2B5cFDIENk4r4hAi3I4hkboELpc73tsDYGZMxmPOnrjhZamMRlt8bZs%2B%2BsbENUJgJp6CUXauCvW7Y5AjN&nvMid=30357859520&catId=50003255
리드퍼 DP30 사무실 공부 책상 컴퓨터 메쉬 의자,"179,000원",https://cr.shopping.naver.com/adcr.nhn?x=ZjRSZuqeOi8YWqyaw2IRW%2F%2F%2F%2Fw%3D%3DsRQD4x5LeyLfFEsN2LsgGoYpnvtG6KpUUTLrPkkgtqm2RBTWql%2BQ52Lscvnh5%2Fcpe9iora20vh12USOlBEIwz5YSyuXXEYEVH6jGtiEw10fVHCHVjAZGrL2F9MUEMnD%2BEacA2Czz4bGTlalWx1T%2Bc4cOmY27ZGze0Q%2BtXRlM4OxtFSICBvI1ATDFN58yC%2Fe2xfFuOSOCF4qq7UGi7dnGzVuiSmAKa%2FQn%2F%2BxLfSzLhyU1Pf%2F36jq36%2F7pT7WNJfv9gg4r4C1E%2FL2IdU7KpKTQzuYBsJjzV%2F3vl5Lmd9HbkUGI%2FzdYC%2FwYAihDQzAs9Z5v9rm6RegBBdIjzTOrd%2FDFUTSEhb%2B5%2BbgCLWD5ufmjwVaDIsLf0upm8ynMc3U3%2BKhbfNUuno7R6Sv4Ye7DLr6DoCaAhfbmRc6T9Q91MqoVII6qZFxLwwV7jJGK6ERbsdx4xjhZlJbFHt4uoEanEgZOCx3dfIuwmH8SfGKgcudQIx7576O6elJzkAAs6q%2BF4vyPyuCFl9GIt6BvStZDqvorJw5ks3SSU5MNMu4bxy7pUuBf0kcucVt%2Bb%2Fx1BhLU6ArAXT8AlxSYkXaLH96LNyv1p9fLQp%2BFugTAI55upqZXbgyzs1FvjUBm5rp3IE20H6q2xA35CyMrpXQUt3%2FJvHupy5s1ITc7NlRPvorKrNyQBKaY%3D&nvMid=29333288864&catId=50003299
티엔느디자인 비바 4인용 포세린 세라믹 식탁세트 의자4,"298,000원",https://cr.shopping.naver.com/adcr.nhn?x=qFi7QMZD0g4kgUsPWiq3Uf%2F%2F%2Fw%3D%3Ds6V1OYO0Dcy%2BxE8zvWsvnG3cyAWMrLV4xSstqHRxd5uvGnftt2lkd9bh0uZfPjFJ3bhMLrleXh6NKjS3pS4vLRv0rvZqiA0S%2Bbl7VP%2BDwdc%2FTChVOLzEZsMvBYgUYoYhvIwaX5oqTTTn7cu2Dxtg3n4BsJjzV%2F3vl5Lmd9HbkUGIBzjQhAf2qZ6USGCNvp3ql25L4BayvSz0egQ333p8y2%2F2PhUH7V52sLeMOVz06o%2F%2B4siAw1NCq%2FSif25Yyi7SMWDuAJuqZbGlx0juudI9chT9rXyqENDUD8omnd%2BAEOivf3Vb8LXDlJWzaxi1N0VJ6P5zniEZgXVBLlVFThivwBWovNxFWzA781dOsDXmXgY3qLDuV673LOVAxb68oYa5vd%2FIVBA96UPgn1DzGY2EZIZw9%2FDMX2S1ZzF2txO07wpThxgkfVhu%2FGnIKeBPvh8PQH0062LHxHMhU1EPWgLkLN8c4lUQfvrcKmYu%2FqSnYR5e2sbZ%2BL%2BEnAzrOtfE2Rr50aZ53RBZv1dZ3hCTL6FqvDtAVISt2qJP9fN%2BqcQp4N3XERd9I61n%2FJ9o4MOPJKT1asgMnDFtmjbz2PmLh9BvAeQXT8TIk6w2jUonYAWL8i3WFefCG2VbhN60HERhGtnHXgqgOvq6z5EpEI5N2xav1Mg%3D%3D&nvMid=28421286554&catId=50003255
북유럽풍 고급 식탁의자 다이닝체어,"67,400원",https://cr.shopping.naver.com/adcr.nhn?x=kWFhw5P40dmVS3ZtkTIaTP%2F%2F%2Fw%3D%3Dsgctrm7JOGU9WcjlrKb0o7bMLEKSQmRbpbgk15sN%2FZJXGnftt2lkd9bh0uZfPjFJ3jpDNGptEWrqijFEh%2BSkDS%2F0rvZqiA0S%2Bbl7VP%2BDwdc%2FTChVOLzEZsMvBYgUYoYhvIwaX5oqTTTn7cu2Dxtg3n4BsJjzV%2F3vl5Lmd9HbkUGIF%2FEQHCkzp%2FoVy0fHDkCMIWWyDwjYzk%2B%2FrhjHkrx84y%2F2PhUH7V52sLeMOVz06o%2F%2B4siAw1NCq%2FSif25Yyi7SMWDuAJuqZbGlx0juudI9chT9rXyqENDUD8omnd%2BAEOivf3Vb8LXDlJWzaxi1N0VJ6pp2LXVxWQqohQVdslKLye2ovNxFWzA781dOsDXmXgY2oIk8NFj0OV6XuuK8Gn44%2FutlTXrmR9nPYA5i0MdMQ7Zw9%2FDMX2S1ZzF2txO07wpSCyyDggLt9%2BRYhRjcGSy42cPg2XbhJOX8VXqDts1uDthVtwF1OpAvK8z%2BoLngjnDmtH1I9PCqphoPYJ3vdvvtBuEIT1OnYY6QE1RpBmWFLYW%2BCOz8JYawGIjkVcA1laNcNauEcRynSn%2F8orOK7nc90rrT5f9%2FTred9KKJhtvjufEEEbt%2FMHebEP11Ku9QCRtFXc50eBITwugSNPH3Ok09sVpGw61BSdoQRvEGgfFlc5w%3D%3D&nvMid=29090309789&catId=50003260
리드퍼 DP50 사무실 컴퓨터 공부 책상 회의용 의자,"106,000원",https://cr.shopping.naver.com/adcr.nhn?x=xlwMY3GTS41pwerK5sYD8%2F%2F%2F%2Fw%3D%3DsmRlgXpAqptkYoHZwmmV3suPS%2BFsusev6ikNIQ%2Fekw2HGnftt2lkd9bh0uZfPjFJ35UiyiYVajG5NavnwdpjJZv0rvZqiA0S%2Bbl7VP%2BDwdc%2FTChVOLzEZsMvBYgUYoYhvIwaX5oqTTTn7cu2Dxtg3n4BsJjzV%2F3vl5Lmd9HbkUGIdJQPHhCDeCLVStSOevbbDsN%2BqOVQi7lFrGeVhVGz44%2F2PhUH7V52sLeMOVz06o%2F%2B4siAw1NCq%2FSif25Yyi7SMWDuAJuqZbGlx0juudI9chT9rXyqENDUD8omnd%2BAEOivf3Vb8LXDlJWzaxi1N0VJ6MoNKOlpeOp67QcummKcuq2ovNxFWzA781dOsDXmXgY0DbQqhTITSdXStdd0U9utQg18e%2BEVTdUVlZHCjfljIlJw9%2FDMX2S1ZzF2txO07wpSHtZxSK95rot9qze8y2aLQ8zeXe%2BbkvTOy4gEUVfYSo066opUsL7r4q7EkUMy9PAjgC8fyzryzdEOChWHE0J%2FAuCFl9GIt6BvStZDqvorJw5ks3SSU5MNMu4bxy7pUuBfJNwsS9dga6yijZVFIYq%2BsT8AlxSYkXaLH96LNyv1p9WmT9MvJrBUVrWUsyAWLj4z1apBq6hBlJwchihsXzhyLA35CyMrpXQUt3%2FJvHupy5s1ITc7NlRPvorKrNyQBKaY%3D&nvMid=29526619523&catId=50003299
폴인퍼니 앨리스 6인용 천연 원목 직각무광마블 세라믹 식탁세트 1600 + 에펠체어 4,"371,600원",https://cr.shopping.naver.com/adcr.nhn?x=67M9uqHLBb5PrJL9Z0HM7v%2F%2F%2Fw%3D%3DsgY%2B5W9uQSB2ybepQOFQUCL%2FT%2FJpSTLq0unQcLW0F7ffB%2FnI75XkiELRPmfnpKbEZ5NliKWqMGjx8%2BCs4TdsimBk4KYyh%2B77ool8y5REUf1z%2B0cFIi%2BeTPlkl9U%2Fwj69jZ51b4zIIhzI2xYZuL9f9QD9rXyqENDUD8omnd%2BAEOisYBQ4YlMy%2BG5%2FGwCUnBYIzmRZc4R48BoCoRF39nP8Bs5wFZFRSvOkkqVTZoYO2UFlDq2Y%2Bjx8UOhmztnvNnVD8VhF3l8Emrmz7tKlGsUHzz2vqR2unsG9Pw6XBns%2FftjJmn%2B6FVZ%2Fm0w7K7lHYQAO7F9At%2F5NwLbP1lA0k3Phrzzokh7KNEkkbwBBKOUFOEEr4bFdwTLFBIYh8AFz6CptNtRWkuBVWbKSCFhT%2BaajoQSI28QDIftdPo5sZ73mZF1RFf%2FULwFc5A%2BNchXvp94IjyfGSw3uw0eKh9ZdV1iWnKTaRA0f0L759SNA3kMHjArw7WqvHRzwz1k80IFlbBDqwrL4YcPjy3e%2F9u3g7OMXraBIgWTkMq%2FcX9PQFEI%2BFjFkcTB%2FzUWKGZdvEkCkGerFmbZrAGAEzKjaAtRHgHrRotBvBtwP7YaA3L57dQxPpP3sRpOFzCbaM6OU97uoPifjrlMyojtlpKl95GTlqDUPAZEE%2B8uZDYiHe12TfPdcg4PrNjqh%2FZemCCOboDhnweAmG&nvMid=30073824619&catId=50003255
시디즈 탭 플러스 화이트쉘 메쉬 의자 TNB200HF,"169,000원",https://cr.shopping.naver.com/adcr.nhn?x=pVFXiCWokgWggMA9wpgVEf%2F%2F%2Fw%3D%3DsZa8x9pYcRuIoLbXx8kPABaswINKARPxwW0BqTo9PGNWRBTWql%2BQ52Lscvnh5%2Fcpecd0vjyQkW1MMp2frqO6MB4SyuXXEYEVH6jGtiEw10fVHCHVjAZGrL2F9MUEMnD%2BEacA2Czz4bGTlalWx1T%2Bc4cOmY27ZGze0Q%2BtXRlM4OxtFSICBvI1ATDFN58yC%2Fe2xkctirVIaVX8LXOrg%2BPrWp%2BiSmAKa%2FQn%2F%2BxLfSzLhyU1Pf%2F36jq36%2F7pT7WNJfv9gg4r4C1E%2FL2IdU7KpKTQzuYBsJjzV%2F3vl5Lmd9HbkUGI%2FzdYC%2FwYAihDQzAs9Z5v9WLAux5HYbOUeBjlxVo1g%2BiEhb%2B5%2BbgCLWD5ufmjwVaDIsLf0upm8ynMc3U3%2BKhbfRCv9Got%2Bu%2BhDWedanAbOjqAhfbmRc6T9Q91MqoVII6qo8wTBxF%2BJPMQ3O6x5fs9zEM3%2BWVLUz0vjuhiwtjxgkdq%2BdVqCekTenjh5CPaX8PZb839jCMLjm8zSuvKwZstHDYm3puM2WKkgutInSDaJb4N27B7ZtaWnzfVIQL6%2FF9vDamim%2BTkfHK2Nuua%2BC5jEYX%2BM1FAz4mN7L2fGUTypAr5J6rSgJpouJlVEuW%2BuIRb8LHpudXDL3RvfzaWOUPS7QdAiJdwXirBRdnaxfvrBbw%3D%3D&nvMid=23161187822&catId=50003299
리드퍼 DP40 사무실 컴퓨터 공부 책상 회의용 의자,"109,000원",https://cr.shopping.naver.com/adcr.nhn?x=5flrt28GxbsSiZBoQbEol%2F%2F%2F%2Fw%3D%3Ds5u9k0Z8xOQVzDkS4SrtI3OO5GPcbnS4yzKDD2PTeXDzGnftt2lkd9bh0uZfPjFJ3O1TVnCyCyRMVAp6GmuOW0P0rvZqiA0S%2Bbl7VP%2BDwdc%2FTChVOLzEZsMvBYgUYoYhvIwaX5oqTTTn7cu2Dxtg3n4BsJjzV%2F3vl5Lmd9HbkUGLHelMkrOhc9E27qKjbW0ABFSlEg7lHRxw60gbawCZM9%2F2PhUH7V52sLeMOVz06o%2F%2B4siAw1NCq%2FSif25Yyi7SMWDuAJuqZbGlx0juudI9chT9rXyqENDUD8omnd%2BAEOivf3Vb8LXDlJWzaxi1N0VJ6pMNZJD93jHZpiWM1MTKGlWovNxFWzA781dOsDXmXgY0DbQqhTITSdXStdd0U9utQ6nGkxjUJtUsiIKpKnN3KIJw9%2FDMX2S1ZzF2txO07wpSHtZxSK95rot9qze8y2aLQAuS%2FPNqq5F4oTrGxAz4ze066opUsL7r4q7EkUMy9PAjgC8fyzryzdEOChWHE0J%2FAuCFl9GIt6BvStZDqvorJw5ks3SSU5MNMu4bxy7pUuBd%2BNnh7j9QbanorQU%2BNAGoKT8AlxSYkXaLH96LNyv1p9edcSfXEdG5lkg7Y%2Fn1qHsQhJiC3a8lqbv5K6iyD5tTWA35CyMrpXQUt3%2FJvHupy5s1ITc7NlRPvorKrNyQBKaY%3D&nvMid=29781485941&catId=50003299
까르엠가구 로렌 II 4인용 원목 식탁세트 2인벤치1 + 의자2,"344,000원",https://cr.shopping.naver.com/adcr.nhn?x=hHF8pP6ZeuMrDVkDJR5HoP%2F%2F%2Fw%3D%3Ds7SRUC6Cryl1JeavBfaA9KXUYFoLkF6ajoq53%2F3%2BrbRLGnftt2lkd9bh0uZfPjFJ3wYtfVoQUbhEY8Xc4%2Boh1wv0rvZqiA0S%2Bbl7VP%2BDwdc%2FTChVOLzEZsMvBYgUYoYhvIwaX5oqTTTn7cu2Dxtg3n4BsJjzV%2F3vl5Lmd9HbkUGLo8QqR486Qb9NwTuVRRGpAsSZSX2iV90bEUd9NkUhcTv2PhUH7V52sLeMOVz06o%2F%2B4siAw1NCq%2FSif25Yyi7SMWDuAJuqZbGlx0juudI9chT9rXyqENDUD8omnd%2BAEOivf3Vb8LXDlJWzaxi1N0VJ6OcoT3x8%2BHyAdJinjY0sxVmovNxFWzA781dOsDXmXgY3qLDuV673LOVAxb68oYa5vYw3Z8mALiASKF6gVP0O%2BzZw9%2FDMX2S1ZzF2txO07wpR6cIm6aq7YB61HzJpSYWlbUgTDG9wWyWJ59%2FqTIHWpiW7urA8QEYm4nmMNtIjLjnsuxccPlr%2Bemo6D%2FMZepXZzEfLdBBLCOItFSOSVM%2BYUroTbXsHVetl49WnpjnCF2Fx0tdiB%2FXLuczOF95S55FhuEs8cFUTVf2EXpmSuc9bAhEFECgD9Wrn2dVPfjtaLAAS4GQKtYde8vLjWvyJBnwtbaGimR4pR27mrh1IoDTOSgA%3D%3D&nvMid=27596150522&catId=50003255
폴인퍼니 베네치아 6인용 포세린 세라믹 식탁세트 의자 4,"322,800원",https://cr.shopping.naver.com/adcr.nhn?x=yzjkkEWKvl3xb2w8wsu%2Buv%2F%2F%2Fw%3D%3DsoR4iRk3vqI58sQPDb2tvto45Dx1%2FSDGRMXByujRYtL5kxYwOloloYNwdhn06fxtqzLtJvmIGS4XnpgtOAuitixk4KYyh%2B77ool8y5REUf1z%2B0cFIi%2BeTPlkl9U%2Fwj69jZ51b4zIIhzI2xYZuL9f9QD9rXyqENDUD8omnd%2BAEOisa0NU1w73BVPmCmn3WNjyEYPNVGIrn%2FkWwos1ixyeX%2BJwFZFRSvOkkqVTZoYO2UFlDq2Y%2Bjx8UOhmztnvNnVD8VhF3l8Emrmz7tKlGsUHzz2vqR2unsG9Pw6XBns%2FftjJmn%2B6FVZ%2Fm0w7K7lHYQAO7DdZDJmxDLEw7sj65G0e8yTokh7KNEkkbwBBKOUFOEEovdIbRSvSN%2FcLkiIhYDxluEix7gUVNmgtDHSexsRoMhyI28QDIftdPo5sZ73mZF1RbGwGXeSohP%2BMIIcbyY0nZf4iQu2jjCV%2FtmmFsA9F0G8RmuAHbkLNJARw0DFR48iJnyCdbMMzRyrKlZ0QHu90o2nsuRDrJ5rmczvxtixQISEpIr8MQp4wP7G5PUVAjw%2BZQjd9%2FrsSERXo5%2FJ0BImihEs8cFUTVf2EXpmSuc9bAhMe5V19%2FCnhsXxAgbFaZOy8lgjpoa9C32q8LJF44W4OizY6of2Xpggjm6A4Z8HgJhg%3D%3D&nvMid=28695782554&catId=50003255
RM디자인 가구 재규어 컴퓨터 의자 재규어-오렌지 높낮이형,"198,000원",https://cr.shopping.naver.com/adcr.nhn?x=Ea45nH8F2YHebG9DPe%2B97P%2F%2F%2Fw%3D%3Ds%2BJgIXfooRHwUy2vg7j%2FP4%2FBCTiHxkLq%2B%2BkLC58ppIcPGnftt2lkd9bh0uZfPjFJ3fFF8w4CUbKl%2BvszUv1CDBP0rvZqiA0S%2Bbl7VP%2BDwdc%2FTChVOLzEZsMvBYgUYoYhvIwaX5oqTTTn7cu2Dxtg3n4BsJjzV%2F3vl5Lmd9HbkUGLp6GEBy53NRUYt98Ouk3scxBurYxvPNIr9lJb2LS6c2P2PhUH7V52sLeMOVz06o%2F%2B4siAw1NCq%2FSif25Yyi7SMWDuAJuqZbGlx0juudI9chT9rXyqENDUD8omnd%2BAEOivf3Vb8LXDlJWzaxi1N0VJ6emxiTS3bRIfvbtEDjAaZrmovNxFWzA781dOsDXmXgY0DbQqhTITSdXStdd0U9utQ8Wh8Tk6paN1dOfxWWANXppw9%2FDMX2S1ZzF2txO07wpTnatZ17%2F5%2F3Pnf%2F8beLNk1erwP3zWq%2BPdJNcqoqBxRT56KJQt5KOq%2FK5a5ZrS4KmfkKmmpAQjSkG3W2lDGM2To2VpWYkG9QLCzwDFJRUb9D9YcGgob0HSpnsjFxnCv4loUaP6CI5j%2FHfApW5pGXgev71tqtWQablf%2F77SlIExh5yKZIaE0ybgcRP2r06dlBVXossTorM%2BopSlpCs8CoFRfATQoBoZyaGMgPFeI9gEXDQ1QmAmnoJRdq4K9btjkCM0%3D&nvMid=30619674383&catId=50003299
제닉스 NEW 아레나-X 제로 게이밍 의자,"159,000원",https://cr.shopping.naver.com/adcr.nhn?x=g7b%2BV3C%2BhtooOwIbb0u%2ByP%2F%2F%2Fw%3D%3DswbUikUDqptY38onwMrbk%2F0qNg%2FMrw9rd52Xso5bvJ83Gnftt2lkd9bh0uZfPjFJ3hSY7snHYf%2FmTQmPdZMlYQv0rvZqiA0S%2Bbl7VP%2BDwdc%2FTChVOLzEZsMvBYgUYoYhvIwaX5oqTTTn7cu2Dxtg3n4BsJjzV%2F3vl5Lmd9HbkUGLkO2qxBvQjGbFSyIUCcaF1v%2BlXvb3OP3hJuU3WLwthKv2PhUH7V52sLeMOVz06o%2F%2B4siAw1NCq%2FSif25Yyi7SMWDuAJuqZbGlx0juudI9chT9rXyqENDUD8omnd%2BAEOivf3Vb8LXDlJWzaxi1N0VJ6yv6YHULbgdbr5SSw3pXeL2ovNxFWzA781dOsDXmXgY2SpTG%2BrcTRpxcMhMe4j%2FXMAZT5SPOSrES5Wv6%2BIqAciZw9%2FDMX2S1ZzF2txO07wpT0l%2FwQ2VstIIn3DGgh5s974oF80C05LUWUmOHMh9x4ejROlxL%2F6W56%2FOcB7z2C6uVpnndEFm%2FV1neEJMvoWq8OGWIhD57axChj8xfxaejXg1sDUBgg8VqvZ10fpmq7TU57N0%2BKs0gSFTdhwMrBXaDkEpCgQ3xRi4a6GnvLTRdHtrS8duOaeY%2BPeZvf%2B8tTXpoOEsHC78VBLnFZh%2FnDobeN&nvMid=25611662992&catId=50003683
퍼스퍼 내추럴 메쉬 올바른 자세교정 사무용 사무실의자 편안한 컴퓨터의자 공부 책상의자,"34,700원",https://cr.shopping.naver.com/adcr.nhn?x=UlFjZdbh%2FdmL%2BxCeXI1a3v%2F%2F%2Fw%3D%3DsNosiWagdg26L0jN2g4gsyPajCC%2Bvrhl7Yciy5JmsHJORBTWql%2BQ52Lscvnh5%2Fcpe2x5v3a0iblV3NpqkB13udISyuXXEYEVH6jGtiEw10fVHCHVjAZGrL2F9MUEMnD%2BEv%2BDTzToU9KWzLD2XqiyQxLzg5LotibZWs96FaOW7%2BneOP0oYFbr1kQPfR4PYNcaQ9PP8wkOvoN2DQtT2p475Eu7yMgyVHS%2BX4TpQxHsfNlmGZ5a0ma%2FDwz3QQr7PLlrXJV03cukp%2F9sq6JmLvPVclOOxEyCbXYTTkl%2FrfhZnugMV4QCnxvKHpzx4ZeE7nrvvx72P1MzfeDsyK%2BcBtz34gKgTjmbrM66pWdd6ra2zzKo10m5pRY3Q5pGConRQWlptBLs4TG4zlqptKylI3SlR5NJp8NlM3y80NRJsJlnCYmzQEAoS5lDHw0w%2FRJ3qgHBKixU3e1TTSE%2FLEwQdQkRLVaa7RezOvJnMcuCHYrnOx3M2qw8zo%2B4iKyf8%2BgKWNHl%2BoLBpjsdiPY6w17JoKD%2Fh%2FDMW%2BXHooeyB2zzFqlMUI1LJNN6OH1dxrH%2FpHj3Awf1r0Oojhx58fIzOUwpHnubH7oOuAKV6RXG1Is03XJLviBck3Ae6ElPIfiQKKSEjLcd8RBLDv7Agl09HqCbZkVmcGXY2myzJ2F5Y71cVQPVCqenNjqh%2FZemCCOboDhnweAmG&nvMid=11660624123&catId=50003299
린백 LB31HB 학생 사무용 메쉬의자,"90,890원",https://cr.shopping.naver.com/adcr.nhn?x=rVhIC0OOpbnwBDcp5tJfIv%2F%2F%2Fw%3D%3Dsm2JhhIcl2T%2BYA%2F6spc559W0Myy7b73%2BFdnKmax47RmzGnftt2lkd9bh0uZfPjFJ3BebUJkVuNUo0DWmQeq7vB%2F0rvZqiA0S%2Bbl7VP%2BDwdc%2FTChVOLzEZsMvBYgUYoYhvIwaX5oqTTTn7cu2Dxtg3n4BsJjzV%2F3vl5Lmd9HbkUGK0kWh5LU%2BxGRslLqWg1UrTYV522c8WWxMT9MkUfchAh%2F2PhUH7V52sLeMOVz06o%2F%2B4siAw1NCq%2FSif25Yyi7SMWDuAJuqZbGlx0juudI9chT9rXyqENDUD8omnd%2BAEOivf3Vb8LXDlJWzaxi1N0VJ6kqK%2BlgiDfjC%2BxAOaO4YoK2ovNxFWzA781dOsDXmXgY0DbQqhTITSdXStdd0U9utQyqcnBOqtqMsw3HH2oGuMGpw9%2FDMX2S1ZzF2txO07wpT5XU125mpBerxmeU7DE0sDc2hP7S2quAHlOZ5paI3ETgRjF6YWnmkHXMQiJ%2F%2B69XcNibem4zZYqSC60idINolvoChdWEF8ATarhTj72tJa9xSyqKr5pF2HX1nMUYFsVzyMdueBgZEYNumX9ApQphSisjkmCuzKqcnVHmviXf9g0OhLa6fDcYfJENAVWRFmC68GruH08DlKshetxY8KUEZb&nvMid=14483676957&catId=50003299
가구의가치 굿모닝 원목 4인 식탁 세트 벤치 + 의자형,"128,000원",https://cr.shopping.naver.com/adcr.nhn?x=j44BWygyvyqEqNkaaLH1G%2F%2F%2F%2Fw%3D%3Ds5KtQqWSq8iql6rfFTgg0qCfF6VVeDbqX0At%2FeVNYFn9kxYwOloloYNwdhn06fxtqkhQumH4PUILuvXULjEWlRhk4KYyh%2B77ool8y5REUf1z%2B0cFIi%2BeTPlkl9U%2Fwj69jZ51b4zIIhzI2xYZuL9f9QD9rXyqENDUD8omnd%2BAEOivF%2F3pn%2B4sXXiHf1LFJc4uM1qClrt8WAkbGdEdF%2BEuXvZwFZFRSvOkkqVTZoYO2UFlDq2Y%2Bjx8UOhmztnvNnVD8VhF3l8Emrmz7tKlGsUHzz2vqR2unsG9Pw6XBns%2FftjJmn%2B6FVZ%2Fm0w7K7lHYQAO7AhICEyrJBCszLhhpBkKIbDokh7KNEkkbwBBKOUFOEEpFXV%2FJMzq0XPPSpGAyaZuZymXe9xIKn1ZtRynkBJKnyCI28QDIftdPo5sZ73mZF1RsF51NWs32e7ynOtvV%2Fl6L8EsNiQqKbcFcWCl3UdsMoc23y0vR7LM6Fk2y3tHythI3T0%2B1sp%2FnwpN1X1Mfkm4iT7BFVkb%2B0fJgJoLedMX5Bvn595wSSMgdaz3d2CYBg7uhYZ%2FhI%2FkN84je6k%2F%2BbfyXXJUc2BaV%2BzqZ5MHOPhZnkEHV9mfoCgEFqRjZ0KCj6soS%2BBeZwSHtGDDB0Sf3wWMmBq7h9PA5SrIXrcWPClBGWw%3D%3D&nvMid=29669228618&catId=50003255
일공일 디자인 샤렌 로즈골드 6인용 세라믹 식탁 세트 의자3개+벤치1개,"799,000원",https://cr.shopping.naver.com/adcr.nhn?x=XmVmkjNJZSIFXDa7O7T8Hf%2F%2F%2Fw%3D%3DswLS36QR9TCIiL8oUvG3q8dfEvrWoO%2BQstEK4RYeYwhCiSma2E4moAN%2BgoqZVPg9MnqM3Rnz%2BhmyN63p9X3IEVRk4KYyh%2B77ool8y5REUf1z%2B0cFIi%2BeTPlkl9U%2Fwj69jZ51b4zIIhzI2xYZuL9f9QD9rXyqENDUD8omnd%2BAEOit3sttXxAXrQD%2FQ5gniaZ%2FzEu9ivJbNCDC7OS7K6P2GiZwFZFRSvOkkqVTZoYO2UFlDq2Y%2Bjx8UOhmztnvNnVD8VhF3l8Emrmz7tKlGsUHzz2vqR2unsG9Pw6XBns%2FftjJmn%2B6FVZ%2Fm0w7K7lHYQAO78bQ2qSy89qlXF9WnVYBi%2FTokh7KNEkkbwBBKOUFOEErm4QAIlSpalfnGKKF4pDCC7I%2BJtObdinbbnda%2B5R%2BLQiI28QDIftdPo5sZ73mZF1RSGawWqrgtBvXcFdv%2FYB97IwnAWLh%2FLXpeSvdeCpXZoCYBtTnzlPyPkuc9M7H9iY6rPBi2HEFt6da1TNbHiZ2kwExgrnkxTiNV3%2FEp5wd8aoc3JD%2BrgYjZboMWxP0bAZSjriJ8H0NV5nx9%2BVr0aUV2VNM9wbHzu24OpGLdDi4UCt868LQr0M9sJXD17ucKdTKOv%2B%2BG7P8zZs54SDuTec41923tAk2soSM52wcDiAIGDo3mag8tZ%2B1YT2IiKNsFkmtoaKZHilHbuauHUigNM5KA&nvMid=29286900622&catId=50003255
린백 LB16HW 사무용의자,"72,900원",https://cr.shopping.naver.com/adcr.nhn?x=hmnk3XM5VrUfeJKV7zKbhv%2F%2F%2Fw%3D%3DsYizuY5WUYmzaPDxTPRThZZP6yFcN0haoqettKvsTxtLGnftt2lkd9bh0uZfPjFJ3cr8orKdMQPI2vGjBR7bVYP0rvZqiA0S%2Bbl7VP%2BDwdc%2FTChVOLzEZsMvBYgUYoYhvIwaX5oqTTTn7cu2Dxtg3n4BsJjzV%2F3vl5Lmd9HbkUGICjxHkCrD85XZqrTuQbP5q0t%2B2E7HnCWVZtGF1sJbjXf2PhUH7V52sLeMOVz06o%2F%2B4siAw1NCq%2FSif25Yyi7SMWDuAJuqZbGlx0juudI9chT9rXyqENDUD8omnd%2BAEOivf3Vb8LXDlJWzaxi1N0VJ6q1gG60o6Hgj6T1%2F%2BKh8c3WovNxFWzA781dOsDXmXgY0DbQqhTITSdXStdd0U9utQI%2F40CP1H6GCDb%2BrQj6wP5pw9%2FDMX2S1ZzF2txO07wpR560TsRkhAATzkCkhR2VlkcEaE5m%2BcxFwSJ04toirhbFbg%2FFcfjGc%2FJhApV5CBBAKgi%2FC1G6ckqKq1qZQotyy%2FzlG%2FQiA9MEgjWl9CYWoy6KYfKgJJv0Fqp7mBu%2Bzs8HJX2%2F2TTYVbGJTJdWfIX2l7DqI%2Fh%2BvykMIULPERx%2Fv5Dx0cjwVm1BUYVknE7IEMpz4%3D&nvMid=24564981522&catId=50003299
베스툴S30 학생 사무 게이밍 의자 국내생산,"149,900원",https://adcr.naver.com/adcr?x=hjMiMFgVSk+1JHmcKl69zf///w==kxSC4YxryAU/gVB/W/kcuJnLNhvNgY3F0WuA28RpFh+6P+3CPDR7vY2jlJbrTsYgIxOKjycPhfgdojt/nRB6Ae/crRGWrkYPby8iHpNj0cSXDieqG+pFWoCYGEpaF4Sl655wmOIgaJczUHfKVgG6g7hdMR03YGmi5G3YXqr/BXxMw70q2gm64aWrN6AfDfMKWYDS+urzhWACtjy9gzrjxvG17ZcDRyJm0zzxIw3T5tg9YN8nZKKZIsjNW5qDFlpm+zwOPP7AytN339roylgaNc/xesWF7mchayy+dcz1doL3OhEhtHfmtudgEZB/Vw46ReInAXgEXN9qtudplmt9kOY9IR8eecy7inpX5PUvyoEeL0+oXM/qyITWkmPQH9BB0JfKnsw7dFUbFt7ei1YDxO1UQuBowVzEfGVLigaCG+VIEB6WWRBUehnCMnUq1fgw3A1Gj/2wx46/UCdBiaK4wE0G7Suf6TBurs0RbW4ntR/OqyvWeMxHzHcEkW5PHdYXt4U/o8J6dYy4uetup3mnmT8TpwaQ+TZA3hx08PG9LILDUaIIXd5EUhpauAsbAOi7LC6t0SkCLczbOyGonLXDdDPZtoL6vozNLpWn7xCcnrAeE1CZYXF/u8vZZLo1Qu1A5/zOhsVJu2cxAA+1LUpqf4GImnsERrs+yvWKP6Jtk2CrOhlhSkX8VpYlIsrKjK0N8A9Y8OaiuZoB/ohK3QoBlZvgCm1wHcn08eUGYjBhfsFEQ1fmk2V2oJvKRIzc0KspRs3jWDncTswM/4ccXcyjDvoiCUWFDuJ7O5fEEguqvV2jhA83QNp+WSQWE14n/FhLDnk9jKSKsOgac1LU8pjj52Q==
[공식몰] 커블체어 와이더 바른자세 등받이의자,"35,900원",https://adcr.naver.com/adcr?x=pfYpXrE/pHgs+fV2MRbvwf///w==kfu9XTnW/u2AcuTKR4eewbAuLcXXmwiHymT8vdDw1//Zyp2KKp/SC1JuPD4NMV58j3tFSGOUvrqSnUeyS6oBUMpuR84mvuX6Eb5lVNppL+UcC3uDtHC7cSgGotYhpfD2Hgd8YUEygxf+1TTU7V6OUOA4Z+wQ95ALbRqvJQ7q1rOTPh6sf8e+TwU+5SsEuGN5A8lAaQTyQ2UpzVHylcaMFl18BG67iBxgklWjnVercD6TRQnXgVwxQCd9e8jvizPjlsPomuT2GzQ7KenpFFVDq+pY5FOMEfPXPcHZQtNGWQge25oRE5lIKn0IYjEV4nN1WCTrgtuw9G15xcMO/vGyJVQ+kDXYAGlIhx2oQIfbPm91oL8TU+d1dzBhc32bweqakpTNlQiU8rOIbCWRa4cAyk/WMKghQmUAFtZprHV2RVXkREvQ+0mpHl+BYN3Ge6jrrQu+tUhYD7Zoka8AFJ0tnrGkwVXmWPgKiW+CWn2mrGnqm1ckv+cqODouR/ptfrIy6T+t2rxXtv6Oi8jnj7JDiJb1OTwkpBWpw3W8tTybchWff4SPrNJLXMeJAVJvzSyqYgWro21clqVroznw/1twwXxc6ySu8PzAwsK/sLJu25JlLD5biKNgrkap7zWtUGW5bqzkKh/0/nQq5qBwqFRUtjeJanJpb49O2J4j4rbOBwohP3mVfPLqcW+wl1CbDGgOZ5KFCYzH+0VyfbRtN3wtPUzcIGbnil72KlMkwEVM43jcJZqmHuxrIdFb/mdkVr+nba3LfnH+G9aFuhVpbGRYzXrSBAVh3lFrWDnZNupdwStUIOY1nZdB8weXywSJkkdMd80lBeIfB3bWRoEqoJXRNHR/UKkDhxBov9dRS2og9xiKPGsSG1UscR2b9Z3OMTG9DVerKaJa2sjAN8kMMSVS3qg==
"[공식몰] 커블체어 와이더 2+1, 김연경의자","99,900원",https://adcr.naver.com/adcr?x=jqgt7dffMcXpeM7aXNfUVf///w==k9nkuEm+dlQUwz82QypLR4FUpjBm+XVGpQ8BwjYNE7/gzwLapF6AHTYNfpvQWUjIQ0cjnajEvBzEtCEEBpOTMlLO0o5lLkxwZRyz2bgAnMhVklMd3j0B7OmAEnqZS8EceDi42+gf5/5Qav4MJzHm3lfE5A3xhgjZlG8qnvElADXvCbYc/v2WUtHra/OnOt0/CicqvlBS7L8pEuZFjSN3t2C00EtY1VxkCb+nPC3siLbrzlodVQ3EHarR+pOv+pxTjif1306XRbcV0KwpRlQdTF5AMLLvM3C+18W0vyGMaHm55DFxNqgUUSRihzQmVgi3wcTdBTCq58Kfi5u2m7j9VDA2FadnAz8gUMQ0aqWoyFdEGFZfnC2twy+krdrJ2iF/Gh1j0lDNJ6ii59DBaYqA08bpc64c5erA5pOKnRrzH5UdnKummLvaktocKt6Dug+z5HXf9KPPm9OmzWxfXSFBmuHz9PxCaSS4rY8YJRsIeO1aFrJeSM9cDhzKkTlCtW0tjC8vOWCBW/E/XSB/PZavxgXg44AK6BcHbB0nWXrDOq8pApgHHgYlWWc0j4J1j9Xnw63DIOdkxpWZrei90/x4HPIRUn0RcwoNLWHhRE80YbmMLiUaPqzOGma0mgJQaI3Ey8n2nM+yADr/d/2BGOqgVTGFL022X6PtK+Vlp4Us1cOlGMvMQdXzJ0CpD9pKxXC9r5gyZXRxnLpiirAocYDeC6KRLK2ni5aG2vSvlFebU0oX+u4lhsj9dcH8YGSa8g8NiFg1JNHe7XTrR0xiKVNiDCOGaVpfZU8NmZm6Ju75yaMVHoIMHuegcu9repJh46vOCtEoeI3ZCcivy6ijFjiTDl9R9l/+UGk9nHprsldE4SHyFQKSKauPy6aJMfVEcX3FW+AZzNZhdgNgn60G9pcr7Lw==
시디즈 아이블 화이트쉘 패브릭 메쉬 의자 TNB501FE,"159,000원",https://cr.shopping.naver.com/adcr.nhn?x=uxUIdtxK2BC9KxxF%2BVeu5f%2F%2F%2Fw%3D%3DsTJqNr60sd4jFkxSJ3MnX9nI%2B3ysje4k6u26bAeOAwmTGnftt2lkd9bh0uZfPjFJ3RbPzNbzz%2F7LV4DVA%2BM9dfv0rvZqiA0S%2Bbl7VP%2BDwdc%2FTChVOLzEZsMvBYgUYoYhvIwaX5oqTTTn7cu2Dxtg3n4BsJjzV%2F3vl5Lmd9HbkUGL21sTnZKhINz%2BDGwZACaK6krkZBQVwlV%2FNzvT%2FHOtkyP2PhUH7V52sLeMOVz06o%2F%2B4siAw1NCq%2FSif25Yyi7SMWDuAJuqZbGlx0juudI9chT9rXyqENDUD8omnd%2BAEOivf3Vb8LXDlJWzaxi1N0VJ6rvc1C9GKeEgb6%2BeTadea22ovNxFWzA781dOsDXmXgY0DbQqhTITSdXStdd0U9utQ5VbbV52M%2BkZUFt0b9EIKfZw9%2FDMX2S1ZzF2txO07wpRBZS0f98FZ6xCGeOLx1s4ZakPMO%2FLLcv4zznvCUQE2IzHPRiHFynsfoxPdwolcndEUH1L7Tcp5%2Fq3BngHSKCiKaZ53RBZv1dZ3hCTL6FqvDpsJPS4jXLejp77dcjgtnhtbA1AYIPFar2ddH6Zqu01Oj%2FaM5nVf1rOXk0fVU4woW%2F%2FrDg5jg6x6tpAGk6CtOi9r21saqVEwE4lmeL4nAhPzDhLBwu%2FFQS5xWYf5w6G3jQ%3D%3D&nvMid=26030282862&catId=50003299
시디즈 T20 TAB+ 탭플러스 T200HF 메쉬의자 TNA200HF,"159,000원",https://cr.shopping.naver.com/adcr.nhn?x=LFB7d1xFqkqn6T9fXzIRp%2F%2F%2F%2Fw%3D%3DsTesWWsotO1d3F7eK%2BB0Q5QyUpX0AYZARjqHrI4JnwQbGnftt2lkd9bh0uZfPjFJ3M4kBoq5CxkB4hlFfTxCeZP0rvZqiA0S%2Bbl7VP%2BDwdc%2FTChVOLzEZsMvBYgUYoYhvIwaX5oqTTTn7cu2Dxtg3n4BsJjzV%2F3vl5Lmd9HbkUGLJ3tBCXFGVL3TjN1rsbCmhPU9r4e6Ee%2BHfuXcImolrsv2PhUH7V52sLeMOVz06o%2F%2B4siAw1NCq%2FSif25Yyi7SMWDuAJuqZbGlx0juudI9chT9rXyqENDUD8omnd%2BAEOivf3Vb8LXDlJWzaxi1N0VJ6qiF7x5TZDTjC0Y4Q9Xe3nmovNxFWzA781dOsDXmXgY2SpTG%2BrcTRpxcMhMe4j%2FXMYx%2FTW9p7NflDd1VKF%2FHhU5w9%2FDMX2S1ZzF2txO07wpRYZCXZSW4aXOkEjBata6MdOvdwFAJal0CTMB4AGKYZlBgJYunY39WtS95MpkoS3vFkdl0ZZ1vdSFue%2Fksi9NwnEngnQGto45OTLQt0RW%2FsQWvXgigldtxY30LMPWKmW6rvW2q1ZBpuV%2F%2FvtKUgTGHngdWpGrkSgUi8v%2BMDvadM45YIozR7QkGxhsF957xPr9cBNCgGhnJoYyA8V4j2ARcNDVCYCaeglF2rgr1u2OQIzQ%3D%3D&nvMid=25771883522&catId=50003683
컴퓨터 책상 학생 의자 709 FRAME,"29,900원",https://cr.shopping.naver.com/adcr.nhn?x=Y3oOa6NxYw0%2BFauKjYDQNf%2F%2F%2Fw%3D%3DsFqy7PcNNJm%2FWMHlVOp1WkbqMR8JKH2stEgt5f%2FxTNXuRBTWql%2BQ52Lscvnh5%2FcpeUSrCvqP2CePSKykLeyYifISyuXXEYEVH6jGtiEw10fVHCHVjAZGrL2F9MUEMnD%2BEacA2Czz4bGTlalWx1T%2Bc4cOmY27ZGze0Q%2BtXRlM4OxtFSICBvI1ATDFN58yC%2Fe2xLFIx0Do9%2BmtgbnZPfBfPLeiSmAKa%2FQn%2F%2BxLfSzLhyU1Pf%2F36jq36%2F7pT7WNJfv9gg4r4C1E%2FL2IdU7KpKTQzuYBsJjzV%2F3vl5Lmd9HbkUGI%2FzdYC%2FwYAihDQzAs9Z5v9M4SNh43E88BmphViftS%2BeSEhb%2B5%2BbgCLWD5ufmjwVaDIsLf0upm8ynMc3U3%2BKhbfOj%2BTWldVIrOP1siS1ViYQaAhfbmRc6T9Q91MqoVII6r9LWUy%2Bofw4Q8ZdUUr7CiJiPwl9P5w5lpYgUQu6GcdEVfWh0qrdjS9LRXdGeES1NWOI6RmZyB5ZlYYzuNcLimsqTOkk7iNWBnChWjtkT0tvKg1WCjMK%2FwcYRE2DYRUh%2BCOv%2B%2BG7P8zZs54SDuTec41hfIHuCEqSi7mtXXov74BzudDq1g4R4N8p5V5LQW0kWFoaKZHilHbuauHUigNM5KA&nvMid=22792709917&catId=50003299
제닉스 카카오프렌즈 프리미엄 컴퓨터의자 어피치,"219,000원",https://cr.shopping.naver.com/adcr.nhn?x=tn6tMBv2QGwP45AKoKZftf%2F%2F%2Fw%3D%3DsrvTO%2B6XbI9p0fW%2BmsaY2%2BS%2BtqjDS4Je8%2F%2Bq50yaQlgNkxYwOloloYNwdhn06fxtqGDS6Sx5aP1XUzecPJSgdNRk4KYyh%2B77ool8y5REUf1z%2B0cFIi%2BeTPlkl9U%2Fwj69jZ51b4zIIhzI2xYZuL9f9QD9rXyqENDUD8omnd%2BAEOiv37S5xsuns8eY5ujsO%2BO%2FSRfLA9jQXXuraJ5d%2B3wXlfJwFZFRSvOkkqVTZoYO2UFlDq2Y%2Bjx8UOhmztnvNnVD8VhF3l8Emrmz7tKlGsUHzz2vqR2unsG9Pw6XBns%2FftjJmn%2B6FVZ%2Fm0w7K7lHYQAO7i4XkflPAxyWpBbMtgMLXzzokh7KNEkkbwBBKOUFOEEpS9ERlM4hHjCXtVtop3rmet36hnB%2BaPrLwZ%2FxT503vByI28QDIftdPo5sZ73mZF1QPrYCsk7sJqgRWqiSdfXQsdI9vjMJELln3K%2FqsGej3%2BypLwMth8jq7aGXBlBX%2FZSWiiIA4aH2XbmeTZZUyVDBjVuD8Vx%2BMZz8mEClXkIEEAg311VHw243VpgdRuL3t2SCp0TYRyMnu%2BhD2r2eKmqu6q27jxb1hj14l2wMh6ZdZfw%2FhBmmxXY9ggPzc2OVcg4Z3McrUN%2BqK33c4igJacJDogqgOvq6z5EpEI5N2xav1Mg%3D%3D&nvMid=19737493122&catId=50003299
리드퍼 DP300 게이밍 의자,"250,000원",https://cr.shopping.naver.com/adcr.nhn?x=qGxUjH2%2BuBBovGG24Unk2P%2F%2F%2Fw%3D%3DsUYhiHy9BKyQf%2F7jf18hyiwwfa40UxWMUrV02e6G4z%2F7Gnftt2lkd9bh0uZfPjFJ3NYvRrQK0oGu3%2B4iUhQqDY%2F0rvZqiA0S%2Bbl7VP%2BDwdc%2FTChVOLzEZsMvBYgUYoYhvIwaX5oqTTTn7cu2Dxtg3n4BsJjzV%2F3vl5Lmd9HbkUGLSfkJI%2FG%2F3T%2FjjpjM6vW%2FfcmwNwUVj2bicSlXngViJpv2PhUH7V52sLeMOVz06o%2F%2B4siAw1NCq%2FSif25Yyi7SMWDuAJuqZbGlx0juudI9chT9rXyqENDUD8omnd%2BAEOivf3Vb8LXDlJWzaxi1N0VJ6g1c6%2BUkQk7wy8RJ6z4l6rWovNxFWzA781dOsDXmXgY2SpTG%2BrcTRpxcMhMe4j%2FXM0O1LciPAa%2BQqHK8T19x%2B9pw9%2FDMX2S1ZzF2txO07wpSHtZxSK95rot9qze8y2aLQJurjD9q9JHw1dOKaKI9orQIyBM%2BYCZVM5KOs1zAh5AYi2TK03gHCvebyrOeY9vE6rwDWe%2FaoSWxehiKgd6qyhK2powcAmSPQMAleJgk1kJkMR765kgU6lSnGqY5ls2sugTCqpHsLfieCk3vvlBcQ%2BQN%2BQsjK6V0FLd%2Fybx7qcubNSE3OzZUT76KyqzckASmm&nvMid=30487071621&catId=50003683
심플 디자인 카페의자 에펠체어 고급형,"27,900원",https://cr.shopping.naver.com/adcr.nhn?x=wvPw784QhMbZrWcfAZgG4v%2F%2F%2Fw%3D%3Ds1jcd5LnVocqmwTdjGmxvnpA%2BVBmS6f%2FjDH0K5oCztBqRBTWql%2BQ52Lscvnh5%2FcpeWDotKFoZxdem3mxhPDlvcYSyuXXEYEVH6jGtiEw10fVHCHVjAZGrL2F9MUEMnD%2BEacA2Czz4bGTlalWx1T%2Bc4cOmY27ZGze0Q%2BtXRlM4Oxvl48pn4Dvz5Q0UPYVKcm4hI6JLkjL78Y8%2BtvdKc%2FPkfOiSmAKa%2FQn%2F%2BxLfSzLhyU1Pf%2F36jq36%2F7pT7WNJfv9gg4r4C1E%2FL2IdU7KpKTQzuYBsJjzV%2F3vl5Lmd9HbkUGI%2FzdYC%2FwYAihDQzAs9Z5v9ej2olHNQjJmXahUwGAqb1SEhb%2B5%2BbgCLWD5ufmjwVaDpDcEJMgpgmpkdKsMb31uD4gPIOmxxABkyLxKvZnFl7qAhfbmRc6T9Q91MqoVII6qT11RfcN706L%2BJEWTQT%2BktG9xVoZlBZQkwUBtBod6BAbCbge%2BKEbN0Lz%2BCcdyiLEJwlERG4DMnnk2SUZ2z1OSZaZ53RBZv1dZ3hCTL6FqvDu%2BC7RaCXjHIzuRjxBfGVEr6Nj4I3hGi%2BItbXXlC7OXPr9nOjhsmxeb%2FzxRtDuMuDamZ%2BMArBg3DzhgWzCNTLXztdWd5SFjneDxt5zUksktngqgOvq6z5EpEI5N2xav1Mg%3D%3D&nvMid=30286466744&catId=50003682
시디즈 T50 시리즈 T500HLDA 화이트쉘 메쉬 의자 TNB500HLDA,"319,000원",https://cr.shopping.naver.com/adcr.nhn?x=ELL1RUp3UujKRFYbv9jUE%2F%2F%2F%2Fw%3D%3Ds9J%2BQxL1rdKIbQ%2FUtmLB29h6LpQ%2BFvTXuK44SShy%2B7ynGnftt2lkd9bh0uZfPjFJ3iNSbVjTb52Ujx8e9c00Pd%2F0rvZqiA0S%2Bbl7VP%2BDwdc%2FTChVOLzEZsMvBYgUYoYhvIwaX5oqTTTn7cu2Dxtg3n4BsJjzV%2F3vl5Lmd9HbkUGKZfxzhZS3wTBBLr6xRUs%2F%2Bjg6N%2FGjmUDYgp%2BrBEalb%2Bv2PhUH7V52sLeMOVz06o%2F%2B4siAw1NCq%2FSif25Yyi7SMWDuAJuqZbGlx0juudI9chT9rXyqENDUD8omnd%2BAEOivf3Vb8LXDlJWzaxi1N0VJ6I3HUCvTMbG8akKW4pHJ2bWovNxFWzA781dOsDXmXgY2SpTG%2BrcTRpxcMhMe4j%2FXMpkOA01lUGyHu3BU%2BaePHb5w9%2FDMX2S1ZzF2txO07wpTR%2BAlNODYvb7gT6GNb7HACANheQKGoaocXL5n1vRya926iITgNXrGYzCD0erE3LzGJypB6xTp7OWv32CWitBw4TrzocqnPZeuNz4hWfA4VPOFzeflTIdyB8peOZLqW4%2FIIV%2Bs1NfbsbotQGS6SFachEaThcwm2jOjlPe7qD4n468AGi6lSlz2l0TCUcyIj5zsv2uQjFBCf3Wvf0QN9%2B81wxyAhEKTy%2B0Zvtn8oYxIR0Q%3D%3D&nvMid=24102433792&catId=50003683
폴인퍼니 앨리스 4인용 천연 원목 세라믹 식탁세트 + 의자4,"331,600원",https://cr.shopping.naver.com/adcr.nhn?x=RTO6mx7agnHUY8%2FES48KF%2F%2F%2F%2Fw%3D%3DsqT3IbuxEZ1nT8L9QkyjPN9gkC9gMhQTVWWnkOOEMD4dGwfjCbcapZS6REdcQ1MvWlq9TB1i4RTbP8eRNd1tGQhk4KYyh%2B77ool8y5REUf1z%2B0cFIi%2BeTPlkl9U%2Fwj69jZ51b4zIIhzI2xYZuL9f9QD9rXyqENDUD8omnd%2BAEOivhbG2iuYigk%2FldX6C43sdmb5eZO8VRezw1nfZk03yCdJwFZFRSvOkkqVTZoYO2UFlDq2Y%2Bjx8UOhmztnvNnVD8VhF3l8Emrmz7tKlGsUHzz2vqR2unsG9Pw6XBns%2FftjJmn%2B6FVZ%2Fm0w7K7lHYQAO7%2FWedVS5qr5twiZ4sLWO7Vjokh7KNEkkbwBBKOUFOEEo3dBwfAuvGKxNUKOCoIY17dG5UiZLXx%2BY34YCZ5le1QyI28QDIftdPo5sZ73mZF1QWPQp7HEN7SzFYm1eYf4YeyfGSw3uw0eKh9ZdV1iWnKV7z5jGx41QcJyxrfme77Fy94NUzE3CryAQJxK2HwMM%2FqGgBSVq4fvzbEPRNU%2FXTFO6Ml7f%2BzSQzfCip24xeFHXAq7f2aS9n9dQ5zVMPq2JDYnHIcETcJifOE8sb44IMxfHtzAHWaEuAumrrPqOtgerJd1jBao5q%2Fawk1jTSB%2FEW5Hv1T%2FoDPeAT2ZD%2BWCfnsQ%3D%3D&nvMid=28760670554&catId=50003255
티엔느디자인 비바 6인 포세린 세라믹 식탁세트 + 의자6,"385,000원",https://cr.shopping.naver.com/adcr.nhn?x=7Cx9AvHeP172sYqvsN5YFv%2F%2F%2Fw%3D%3DsbtOEgX4I6MtCc9m%2BTJMVCu8o6xlkbiOhY8ARD4AOfWTGnftt2lkd9bh0uZfPjFJ3j%2FQ8XYmbQrDHknGNAwyhRP0rvZqiA0S%2Bbl7VP%2BDwdc%2FTChVOLzEZsMvBYgUYoYhvIwaX5oqTTTn7cu2Dxtg3n4BsJjzV%2F3vl5Lmd9HbkUGIBzjQhAf2qZ6USGCNvp3qlaIpRHAMAoSry1gXhOr2TIP2PhUH7V52sLeMOVz06o%2F%2B4siAw1NCq%2FSif25Yyi7SMWDuAJuqZbGlx0juudI9chT9rXyqENDUD8omnd%2BAEOivf3Vb8LXDlJWzaxi1N0VJ6qd1Q7yrpUFcmz6cXvrIEsmovNxFWzA781dOsDXmXgY3qLDuV673LOVAxb68oYa5vWkLVfJCJUOFu61aXVxpD%2BJw9%2FDMX2S1ZzF2txO07wpTOA2zHDMycezIlLBTgSBa0U6ImOgiaPew7mmwW6JtClKaVWQa6H1js0DYlaOVQY7YgK7VqXs3zxBhBYfJRitJlVuD8Vx%2BMZz8mEClXkIEEAlu%2BBj75vi81aMq56krqw0elPLSfKnfmmdZ8edOZfqbesPLXn6A4lmGEoMwg0Vf8pTOcgSmmfkUC5YA%2FB88%2Bx3%2BFefCG2VbhN60HERhGtnHXgqgOvq6z5EpEI5N2xav1Mg%3D%3D&nvMid=28467975555&catId=50003255
사무용 컴퓨터 리클라이너 학생책상 침대형 의자,"99,900원",https://cr.shopping.naver.com/adcr.nhn?x=mnDAJD1aMXd3yrkoIl5iF%2F%2F%2F%2Fw%3D%3Dsyb4A3svsN9mER6Y5JEVQWfCQQlAQ9WFgFpZDCDfjyu6RBTWql%2BQ52Lscvnh5%2Fcpev7xWA7bDqTmrlcdMUvmc%2FISyuXXEYEVH6jGtiEw10fVHCHVjAZGrL2F9MUEMnD%2BEacA2Czz4bGTlalWx1T%2Bc4cOmY27ZGze0Q%2BtXRlM4OxtFSICBvI1ATDFN58yC%2Fe2xeueBnpqVz2HNyBEUCp%2Fo%2B%2BiSmAKa%2FQn%2F%2BxLfSzLhyU1Pf%2F36jq36%2F7pT7WNJfv9gg4r4C1E%2FL2IdU7KpKTQzuYBsJjzV%2F3vl5Lmd9HbkUGI%2FzdYC%2FwYAihDQzAs9Z5v9jJBxt64R6RgiQ%2Fk34SOcdiEhb%2B5%2BbgCLWD5ufmjwVaDIsLf0upm8ynMc3U3%2BKhbfeue%2Bnjx5eOpZUIEQUNm5h6AhfbmRc6T9Q91MqoVII6qvTFCxtrHinSvoHZYWspEJ8Hzr8YAcji6UJpUbjJAer6nmQEro8vEAYQjJyqBAM5x0UxNme6S585fpewQtwkmrWph7UWa%2FK7CYGoOYSbRTnw2Jt6bjNlipILrSJ0g2iW8ACSl1SnUTufMHBVEctYBAoWGf4SP5DfOI3upP%2Fm38l%2F7VMqaYHHClAQX4Tqbkzkbtz9FqmiSQOJWaiKcJ65cj6j%2FUZIpzmIfyB408B87X6Aau4fTwOUqyF63FjwpQRls%3D&nvMid=29494618525&catId=50003299
일루일루 라이트 지 타이탄 게이밍 체어,"63,900원",https://cr.shopping.naver.com/adcr.nhn?x=%2B8XaGeyXG6OI0RkILg6dNP%2F%2F%2Fw%3D%3DsOqdMj%2FcFCDBtKzR65upiIc%2BXE1K3xlEgFitAregOkTORBTWql%2BQ52Lscvnh5%2FcpeHwmjFUXT8nhhhpiw6%2BG7%2FISyuXXEYEVH6jGtiEw10fVHCHVjAZGrL2F9MUEMnD%2BEacA2Czz4bGTlalWx1T%2Bc4cOmY27ZGze0Q%2BtXRlM4OxtFSICBvI1ATDFN58yC%2Fe2xxM00jyljFCbts%2BIhiR1l8uiSmAKa%2FQn%2F%2BxLfSzLhyU1Pf%2F36jq36%2F7pT7WNJfv9gg4r4C1E%2FL2IdU7KpKTQzuYBsJjzV%2F3vl5Lmd9HbkUGI%2FzdYC%2FwYAihDQzAs9Z5v9mVrJwj9MWp3dpqazqMeAIyEhb%2B5%2BbgCLWD5ufmjwVaAH%2FjEoJV2KCPO%2Fhx2qehXStzgYiEcRkNB8ca%2BHR%2Bi1aqAhfbmRc6T9Q91MqoVII6qs6obs56IXppE%2BTLPomyUGTWCrduEYUw1AYDi8%2FuNDpPQpn2QBv6CQtRBlJkGv3FBd8ArRVZWiFJJ2qraekmP24FrAnJ7uf97pTgivkUjuB%2FjK292XJGTrNTihHWfFOeyOv%2B%2BG7P8zZs54SDuTec4109RN4CYBOBlGteQgW8F2wPAf03Rie7mK%2FRrsNAL0Re9oaKZHilHbuauHUigNM5KA&nvMid=22435037704&catId=50003683
16피스 컴퓨터 사무용 책상 학생 의자 일반형,"65,900원",https://cr.shopping.naver.com/adcr.nhn?x=9IoPJmHqgFqt8Dv%2F%2FGGgJv%2F%2F%2Fw%3D%3DsA9ZhZrOAgN67dVsCI2sUmnHW7ehTaFNdGKCZG4aS5tcnaKQb1eRuZLJNE451oXQMzsoQP0BwqQl2yf22VgLyGxk4KYyh%2B77ool8y5REUf1z%2B0cFIi%2BeTPlkl9U%2Fwj69jZ51b4zIIhzI2xYZuL9f9QD9rXyqENDUD8omnd%2BAEOivlcUCelAnI7z%2B53zC7dyHPo8kMJpxxZKDY27vPsvKZ9ZwFZFRSvOkkqVTZoYO2UFlDq2Y%2Bjx8UOhmztnvNnVD8VhF3l8Emrmz7tKlGsUHzz2vqR2unsG9Pw6XBns%2FftjJmn%2B6FVZ%2Fm0w7K7lHYQAO7qVZ3Z6lynMyFYJ5si3vVbzokh7KNEkkbwBBKOUFOEEpnnTku7IiDYWw0a7EuWzb%2BPdVZMAvpSFDGzdeQpVDK8CI28QDIftdPo5sZ73mZF1Sv1RdL4TYV7Ds1sS%2B4K8skSZ4fgCCO3PqnRGKYJhKI21g9YAKMll%2FNxyPmVqbe3d1%2B0n1PZeujoYa2XwUVkvhTZpE6hF9aDhJt8pwx%2BkB9r8%2F7wkBqEFUfw3YOaDSbd0WIDf9TYDOC4LzgCehLsur5ULAmCFONs5HHBeiP%2BOnVbebdaEPYRvssjLVlksa7di1Xc50eBITwugSNPH3Ok09sVpGw61BSdoQRvEGgfFlc5w%3D%3D&nvMid=30081168083&catId=50003299
퍼시스 CHN4311A CHNA4311WA 회의용의자 사무용,"130,150원",https://cr.shopping.naver.com/adcr.nhn?x=Ad%2B973uf6bdg2QFhl6iLWP%2F%2F%2Fw%3D%3Ds1mFvQ4CYNIBvYkB8h0xmTgWbAPXr27zUODMYxDIs%2BnWRBTWql%2BQ52Lscvnh5%2Fcpe07et5dK1mMxBALXtOaJdGISyuXXEYEVH6jGtiEw10fVHCHVjAZGrL2F9MUEMnD%2BEacA2Czz4bGTlalWx1T%2Bc4cOmY27ZGze0Q%2BtXRlM4OxtFSICBvI1ATDFN58yC%2Fe2xRGCLYTCffREt7NchXMmNG%2BiSmAKa%2FQn%2F%2BxLfSzLhyU1Pf%2F36jq36%2F7pT7WNJfv9gg4r4C1E%2FL2IdU7KpKTQzuYBsJjzV%2F3vl5Lmd9HbkUGI%2FzdYC%2FwYAihDQzAs9Z5v9FYMgQStirOUKA5fzkHEcxiEhb%2B5%2BbgCLWD5ufmjwVaDIsLf0upm8ynMc3U3%2BKhbfSf3VBLyQRw1L0hQAFENLzqAhfbmRc6T9Q91MqoVII6p6%2BmhlnpZI9RF7J26gXJvSfsGIAwN8%2FHgXMIUnMpx9iGNyVbzLQ7gxzWn6XnyYQKfZSk6Pdkt%2FSKMlvaq%2BnyRBTxjOtxePgNOs1fJTd8YEtPoyhZM80IR7U8j%2B7WYR6ietqaMHAJkj0DAJXiYJNZCZLLyyjqCqrknz%2FUtH7Vdg2c5DMUvGAfcLbYtUOgyZ2nYDfkLIyuldBS3f8m8e6nLmzUhNzs2VE%2B%2Bisqs3JAEppg%3D%3D&nvMid=28686341978&catId=50003299
티엔느디자인 카라 4인용 포세린 세라믹 1400 식탁세트 + 비체의자4,"398,000원",https://cr.shopping.naver.com/adcr.nhn?x=GhdtlOwel7YGKpSZHbkstv%2F%2F%2Fw%3D%3Ds%2BcKRGnCqRkZcqyEyD4ezb9KwfOI3jfhqD9eJ8YvwShjGnftt2lkd9bh0uZfPjFJ3%2BOvamZC4U0BjNU2x%2B6jbmf0rvZqiA0S%2Bbl7VP%2BDwdc%2FTChVOLzEZsMvBYgUYoYhvIwaX5oqTTTn7cu2Dxtg3n4BsJjzV%2F3vl5Lmd9HbkUGLT2bIjVHlcjphmmM%2FTUcWwsO2a8KnNoXN5lH1EjinGTf2PhUH7V52sLeMOVz06o%2F%2B4siAw1NCq%2FSif25Yyi7SMWDuAJuqZbGlx0juudI9chT9rXyqENDUD8omnd%2BAEOivf3Vb8LXDlJWzaxi1N0VJ6zizPAiXbfQM4C3lmcl04a2ovNxFWzA781dOsDXmXgY3qLDuV673LOVAxb68oYa5vprocIGcuS%2Faow0F8%2BQCmDZw9%2FDMX2S1ZzF2txO07wpRD6mXAYmIL6b2cO%2BjxsubuH0062LHxHMhU1EPWgLkLN4wU%2BVP%2F28zYfqeQ%2BxoYQdms4OO1bUyoXnNTcgxQsIMbboqXwsI8Do0P5iAs%2BTvRSybpS9otOnCidLOpdyW7UbeVrR3VuvrkJAsitolZxiTNw2popvk5HxytjbrmvguYxFeTyr8mQB1pqQ%2FICTWhWryirx9oxbggeq0%2FqJN2xD%2FzTXWchnJLH13EkPP3%2FCRCxUHQIiXcF4qwUXZ2sX76wW8%3D&nvMid=29802096618&catId=50003255
시디즈 T50 AIR 시리즈 T500HLDA 에어 화이트쉘 메쉬의자,"349,920원",https://cr.shopping.naver.com/adcr.nhn?x=ZfKbQp3p1oeZ8uTTiM16V%2F%2F%2F%2Fw%3D%3Ds0a6uSmfE4mvARv0zBbH4dsnaoX%2F9j5E%2Ba%2BRXDOsSEBzGnftt2lkd9bh0uZfPjFJ3d5Y%2BgIgHY8TK6VIyr3XsW%2F0rvZqiA0S%2Bbl7VP%2BDwdc%2FTChVOLzEZsMvBYgUYoYhvIwaX5oqTTTn7cu2Dxtg3n4BsJjzV%2F3vl5Lmd9HbkUGL59Ra27iAGmKltCUxaETN5ykNCykvJcJ6THl%2FgdNABif2PhUH7V52sLeMOVz06o%2F%2B4siAw1NCq%2FSif25Yyi7SMWDuAJuqZbGlx0juudI9chT9rXyqENDUD8omnd%2BAEOivf3Vb8LXDlJWzaxi1N0VJ6c2RZRVnITht9scKc7m%2FaMGovNxFWzA781dOsDXmXgY2SpTG%2BrcTRpxcMhMe4j%2FXM65LsqEF%2BQlEZ4k3azvH2RJw9%2FDMX2S1ZzF2txO07wpSoWA%2FGcund2AvPTJ%2FRP8QLZFpi0G6FatjiWaj7gOLECUlbH%2BOtK%2BiDN5feTF%2F27tKQLDlzI%2BusmvaoGJwoUNelWQ7HsreIzcR%2Bczas672WTdSsP2xqfE%2FA9yPOBDwkO3bF1YL5m9tRlIoCHD9cx5quEs8cFUTVf2EXpmSuc9bAhOIZGgjouec3YOI9t1M9Qe60DDLjJ2IqICRVYaHqAVxszY6of2Xpggjm6A4Z8HgJhg%3D%3D&nvMid=24951206522&catId=50003683
리드퍼 DP55 사무실 컴퓨터 학생 공부 책상 의자,"77,000원",https://cr.shopping.naver.com/adcr.nhn?x=8KJRIPxyIz9zOIzZajIKLP%2F%2F%2Fw%3D%3Dsd89hxgMyobSDPV0dqh7SDCS%2FLzla7G5OIUIIQTyv0A6iSma2E4moAN%2BgoqZVPg9MqQykGNVweyDIAhsBP8k4txk4KYyh%2B77ool8y5REUf1z%2B0cFIi%2BeTPlkl9U%2Fwj69jZ51b4zIIhzI2xYZuL9f9QD9rXyqENDUD8omnd%2BAEOiu%2F4s66E3a1gdVX4i1B8asgxx61%2Fu9QqBV18B3ijpp6RJwFZFRSvOkkqVTZoYO2UFlDq2Y%2Bjx8UOhmztnvNnVD8VhF3l8Emrmz7tKlGsUHzz2vqR2unsG9Pw6XBns%2FftjJmn%2B6FVZ%2Fm0w7K7lHYQAO7qF9%2FJMKLTqfnMHUzfAAjOTokh7KNEkkbwBBKOUFOEEoyxBWqG%2BRHAIzaSyzhzK6tx%2BJ%2BM01HvimTMdHOHLgKyyI28QDIftdPo5sZ73mZF1TPImqZCKP5HVtRjUjSyqjjxg2pDTA7mrRaGh1tL52GNbJZOSE7WDt4QW%2FjaK59jtlYi70gY%2F%2FYn9olWqR80XWLWQ7HsreIzcR%2Bczas672WTV%2BkF5su%2BOyhon3qbzo46hKywb3RXO7AQTnGEDNJzHuajr%2Fvhuz%2FM2bOeEg7k3nONcv4mYW%2B4lVTXW%2BNiYaQuKxH%2BNxkxUv76DNgQ51xWvWMaGimR4pR27mrh1IoDTOSgA%3D%3D&nvMid=30300213437&catId=50003299
파로마 허그체어 바른자세교정 서포트 의자,"29,900원",https://cr.shopping.naver.com/adcr.nhn?x=ghhZAYC7G3xA3mRIlDpW%2Bv%2F%2F%2Fw%3D%3Dsjh2rtdxSXDUyf%2Ff7Nrapael%2Fb0VTpNLrurQIvkDoHpfctFi9vrb5td33u942mbyJ0tW2%2BUcgeZcK7ZdDFqb7zhk4KYyh%2B77ool8y5REUf1z%2B0cFIi%2BeTPlkl9U%2Fwj69jZ51b4zIIhzI2xYZuL9f9QD9rXyqENDUD8omnd%2BAEOitI%2B6i40yXgzskzidFrPmA%2FtqFhKnxvGkJUumHgRumvZJwFZFRSvOkkqVTZoYO2UFlDq2Y%2Bjx8UOhmztnvNnVD8VhF3l8Emrmz7tKlGsUHzz2vqR2unsG9Pw6XBns%2FftjJmn%2B6FVZ%2Fm0w7K7lHYQAO79%2FXjidE2bOjYw6SMZ1ZE2zokh7KNEkkbwBBKOUFOEErzklG7odqB6MaOgle3FYRCa6T3aNrACMD9H5mZrYXO1CI28QDIftdPo5sZ73mZF1Q2uTEPjt0mFS2bjH39mgRnw0XmAJcLJimQgja26nLZ3%2FvsLt%2FAQSobffKrXVIULOaSZ3fSp%2Be1CAmS%2F1q3%2FzFKXbGD%2BJqaboZdW6Z9dCgwI0t%2BdLUc6rgGzaZm3IsizWQRpOFzCbaM6OU97uoPifjrt7srhlJu59L1o4GPI9n%2BjB5mpqKyp%2Bu8uNBXAJBVkC7HICEQpPL7Rm%2B2fyhjEhHR&nvMid=26937482523&catId=50003265
까르엠가구 루버린 고무나무 원목 4인용 화산석 식탁세트 2인벤치1+의자2,"449,000원",https://cr.shopping.naver.com/adcr.nhn?x=ZPTMAQ7TN8Oe%2FzQV9MgDRP%2F%2F%2Fw%3D%3Ds5%2FsAKWMhktlx95wFYkxd%2FqEAEaypwpYmZBionGue6HfGnftt2lkd9bh0uZfPjFJ3PcZSpvFV42gpNGlEsvpO%2BP0rvZqiA0S%2Bbl7VP%2BDwdc%2FTChVOLzEZsMvBYgUYoYhvIwaX5oqTTTn7cu2Dxtg3n4BsJjzV%2F3vl5Lmd9HbkUGKT%2Bfr8%2BWhan8mvKsI%2BaiSj2mS76Kjk%2BVHeEpbQJadSp%2F2PhUH7V52sLeMOVz06o%2F%2B4siAw1NCq%2FSif25Yyi7SMWDuAJuqZbGlx0juudI9chT9rXyqENDUD8omnd%2BAEOivf3Vb8LXDlJWzaxi1N0VJ6Aoj%2FFP8LHwtw53VIX%2FlRtGovNxFWzA781dOsDXmXgY3qLDuV673LOVAxb68oYa5v%2FHSIBS0nheOt6d82inuVv5w9%2FDMX2S1ZzF2txO07wpQffsTuDoZ89pXBZ%2BCOwYO058RYIzgY26h3q%2BNZdTTZ6bRMAizGKt0VcU9is%2BunDOkmvP%2FHYhO8nMid1G0d8rTHdd0WiuozJiAnsVDu8kmQCE6IWz8bQNTafapzPMdaXe5Xs4LKzuOP6H5Ura0myJAassYWirFzK20sWF1BM9cWdq2powcAmSPQMAleJgk1kJlasVd8t%2FI9kPQjpI3QTJ3v%2F5IuiAHV%2FET9ns7NupEFbwN%2BQsjK6V0FLd%2Fybx7qcubNSE3OzZUT76KyqzckASmm&nvMid=27720302004&catId=50003255
제닉스 ARENA-X FOOT REST 발받침 컴퓨터 게이밍 게임용 의자,"167,490원",https://cr.shopping.naver.com/adcr.nhn?x=1YZGxYiwg7ATogpOl0rcI%2F%2F%2F%2Fw%3D%3DskDFSH2B0gEI08ClL4dkUqkZeeI4SpD5GyMcEjueYecKt%2BjPsU1fC92Nr27mm7F4G%2F4N4KqGmedqGBOvQJZyLLRk4KYyh%2B77ool8y5REUf1z%2B0cFIi%2BeTPlkl9U%2Fwj69jZ51b4zIIhzI2xYZuL9f9QD9rXyqENDUD8omnd%2BAEOiuyD%2Byy4sZcfV1lpmqmw9EQA1sq3APRZGYl66%2B%2BsZ3mhJwFZFRSvOkkqVTZoYO2UFlDq2Y%2Bjx8UOhmztnvNnVD8VhF3l8Emrmz7tKlGsUHzz2vqR2unsG9Pw6XBns%2FftjJmn%2B6FVZ%2Fm0w7K7lHYQAO7CJu0yFejEH5LoIGi2%2FmiMzokh7KNEkkbwBBKOUFOEEoJ0MlSjBvLCp2Jc5B9LpdXQRKXwTeyUzVRgn7Vi55ZjiI28QDIftdPo5sZ73mZF1SZbfks06%2BuwIgJNA%2B72aXzsfhv81%2BfiFdjCFk7GpdCOMByna0qST42HffUojnKbEi%2FsoywSf1RxqIDfo28qWLxkmd30qfntQgJkv9at%2F8xSumy8edF2%2FLVQARFETX36f5KIkxCxRmPwB%2BeGEko1kxwYnHIcETcJifOE8sb44IMxQMNMYVlRIwj1k9y7dyAChmS7ktp9WMYExeTpzRApVYh5Hv1T%2FoDPeAT2ZD%2BWCfnsQ%3D%3D&nvMid=26005401524&catId=50003683
체어스코 네이처 바른 자세교정 메쉬 책상 컴퓨터의자 공부 사무실 사무용의자,"33,900원",https://cr.shopping.naver.com/adcr.nhn?x=eFsrwZC0uCZvqK50Zd408P%2F%2F%2Fw%3D%3DsFB4N0NDPIjvA4z3524n94XLi2t2k%2BcweFh3NSCVTai3Gnftt2lkd9bh0uZfPjFJ3S8XSSV7JRcB3S25C0izJ4UOD4Q0BqeSqJnM8802MPLSDIdhH5I%2FUULr6%2BJ9Use2786Dkw9zgVcke5IM7S9HdnWFEV98CfAwi%2FgpsOD1fQ6BKy9uZgfsv%2BOFb220zRzjp0IYK5cxZrYq1i7Chmzh%2FpRBpviEBEq8mElBu67M7ImHffisv5tHfoGFh7RH%2BtSaOAFJNLWxG%2Fj2gEfGb7GroePdfIgmpiW5Koz7eEwIqlb%2FUrThbIrlWvno34hWICDjvV36ogsAbT2GMBHUreotiQIdjYIiE4zm3prcOpEgaiStBBqPKNwoJKn8yODnmsgF9TP11GnqQoA4Xzsr7wXqWBD4ywcJcErvYLu6nHauwdyTsNTfQLzP1kMS5jQ8QDOAhL1%2FVJVc%2F3oC3nnyLS%2BuZ%2B6CwaY7HYj2OsNeyaCg%2F4fwXJfpD8ulEXsh4OcP1S1skdPBPESSpyphzinBMWg6d1Fqs5p4uQUcgjiBjQwu71cxbCJorVaFqpZsrpudFzyUlPVzPTrxslHIPszD%2FVYe%2B%2Fv8ZyLkmAuoAHoGRlkKWMWsEAAMBls%2B06y6CnzQJrC68FR6Nl2WSbgU7cSU%2BnbHB1w4SwcLvxUEucVmH%2BcOht40%3D&nvMid=8325683452&catId=50003299
